イタリア,ベルギー,ウクライナ,スコットランド,スウェーデン,ドイツ
トルコ,ベルギー,オーストリア,クロアチア,ポーランド,ポルトガル
イタリア,ロシア,北マケドニア,スコットランド,スウェーデン,ドイツ
ウェールズ,フィンランド,ウクライナ,クロアチア,ポーランド,ポルトガル
トルコ,フィンランド,オーストリア,クロアチア,ポーランド,ポルトガル
イタリア,ベルギー,オランダ,イングランド,スペイン,ポルトガル
イタリア,ベルギー,オランダ,イングランド,スウェーデン,ポルトガル
イタリア,ベルギー,オランダ,イングランド,スペイン,フランス
イタリア,ベルギー,オランダ,イングランド,スペイン,ドイツ
イタリア,ベルギー,ウクライナ,クロアチア,スペイン,ドイツ
イタリア,ベルギー,ウクライナ,スコットランド,スウェーデン,フランス
スイス,ロシア,オーストリア,スコットランド,スウェーデン,ハンガリー
イタリア,ベルギー,オランダ,イングランド,スペイン,フランス
イタリア,ベルギー,オランダ,イングランド,スペイン,フランス
イタリア,ベルギー,オランダ,イングランド,スペイン,フランス
イタリア,ベルギー,オランダ,イングランド,スペイン,フランス
イタリア,ベルギー,ウクライナ,スコットランド,スウェーデン,ドイツ
トルコ,ベルギー,オーストリア,クロアチア,ポーランド,ポルトガル
イタリア,ロシア,北マケドニア,スコットランド,スウェーデン,ドイツ
ウェールズ,フィンランド,ウクライナ,クロアチア,ポーランド,ポルトガル
トルコ,フィンランド,オーストリア,クロアチア,ポーランド,ポルトガル
イタリア,ベルギー,オランダ,イングランド,スペイン,ポルトガル
イタリア,ベルギー,オランダ,イングランド,スウェーデン,ポルトガル
イタリア,ベルギー,オランダ,イングランド,スペイン,フランス
イタリア,ベルギー,オランダ,イングランド,スペイン,ドイツ
イタリア,ベルギー,ウクライナ,クロアチア,スペイン,ドイツ
イタリア,ベルギー,ウクライナ,スコットランド,スウェーデン,フランス
スイス,ロシア,オーストリア,スコットランド,スウェーデン,ハンガリー
イタリア,ベルギー,オランダ,イングランド,スペイン,フランス
イタリア,ベルギー,オランダ,イングランド,スペイン,フランス
イタリア,ベルギー,オランダ,イングランド,スペイン,フランス
イタリア,ベルギー,オランダ,イングランド,スペイン,フランス